id,metric,value,source,source_url,scope
"Accommodation, Food Services, Arts and Entertainment::total hospitality and tourism sector victims listed cumulative since 2018 leak site monitoring began","Total Hospitality and Tourism sector victims listed (cumulative, since ~2018 leak-site monitoring began)","771 victims (as of 2026-07-19)","ransomware.live v2 API (sectorvictims/Hospitality and Tourism) and ransomware.live sector activity page","https://api.ransomware.live/v2/sectorvictims/Hospitality%20and%20Tourism","industry"
"Accommodation, Food Services, Arts and Entertainment::top ransomware groups by victim count in this sector of the 771 tracked","Top ransomware groups by victim count in this sector (of the 771 tracked)","LockBit3 (50), Qilin (62), Akira (48), Play (38), LockBit2 (29), Medusa (23), IncRansom (23), RansomHub (25), DragonForce (21), Clop (21)","ransomware.live v2 API sector victim data, aggregated by this analysis","https://api.ransomware.live/v2/sectorvictims/Hospitality%20and%20Tourism","industry"
"Accommodation, Food Services, Arts and Entertainment::share of ransomwarelive tracked sector victims located in the us","Share of ransomware.live-tracked sector victims located in the US","~218 of 584 victims with a listed country (~37%), followed by GB (38), FR (31), ES (31), CA (23), AU (17), DE (17), IT (16)","ransomware.live v2 API sector victim data, aggregated by this analysis","https://api.ransomware.live/v2/sectorvictims/Hospitality%20and%20Tourism","industry"
"Accommodation, Food Services, Arts and Entertainment::retail sector closest published proxy vertical to hospitality f and b median ransom payment 2025","Retail sector (closest published proxy vertical to hospitality/F&B) median ransom payment, 2025","$1,000,000 (up from $950K in 2024); median ransom demand doubled to $2,000,000","Sophos State of Ransomware in Retail 2025","https://www.sophos.com/en-us/blog/the-state-of-ransomware-in-retail-2025","industry"
"Accommodation, Food Services, Arts and Entertainment::retail sector share paying the ransom 2025","Retail sector share paying the ransom, 2025","58% of organizations with encrypted data paid (2nd-highest rate in 5 years)","Sophos State of Ransomware in Retail 2025","https://www.sophos.com/en-us/blog/the-state-of-ransomware-in-retail-2025","industry"
"Accommodation, Food Services, Arts and Entertainment::retail sector average ransomware recovery cost excluding ransom 2025","Retail sector average ransomware recovery cost (excluding ransom), 2025","$1.65 million (mean), down 40% year-over-year","Sophos State of Ransomware in Retail 2025","https://www.sophos.com/en-us/blog/the-state-of-ransomware-in-retail-2025","industry"
"Accommodation, Food Services, Arts and Entertainment::cross industry average ransomware recovery cost excluding ransom 2025","Cross-industry average ransomware recovery cost (excluding ransom), 2025","$1.53 million (mean), down 44% from $2.73M in 2024","Sophos State of Ransomware 2025","https://www.sophos.com/en-us/blog/the-state-of-ransomware-2025","industry"
"Accommodation, Food Services, Arts and Entertainment::cross industry average ransomware downtime","Cross-industry average ransomware downtime","~24 days average; 53% of victims recovered within a week","Sophos State of Ransomware 2025","https://www.sophos.com/en-us/blog/the-state-of-ransomware-2025","industry"
"Accommodation, Food Services, Arts and Entertainment::global average ransom payment q2 2025","Global average ransom payment, Q2 2025","Mean $1.13 million / Median $400,000","Coveware Quarterly Ransomware Report Q2 2025","https://www.veeam.com/company/press-release/coveware-by-veeam-reveals-q2-2025-ransomware-surge-social-engineering-and-data-exfiltration-drive-record-payouts.html","industry"
"Accommodation, Food Services, Arts and Entertainment::global average ransom payment q4 2025","Global average ransom payment, Q4 2025","Mean $591,988 / Median $325,000","Coveware Quarterly Ransomware Report Q4 2025","https://www.coveware.com/ransomware-quarterly-reports","industry"
"Accommodation, Food Services, Arts and Entertainment::ransomware present in breaches cross industry accommodation food services cited as exposed to saas third party supply chain compromises alongside retail","Ransomware present in breaches, cross-industry (accommodation/food services cited as exposed to SaaS/third-party supply-chain compromises alongside retail)","44% of all breaches involved ransomware (up from 32% prior year); third-party involvement in 30% of breaches (up from ~15%)","Verizon 2025 Data Breach Investigations Report","https://www.verizon.com/business/resources/reports/2025-dbir-data-breach-investigations-report.pdf","industry"
"Accommodation, Food Services, Arts and Entertainment::global on chain ransomware payments 2025","Global on-chain ransomware payments, 2025","$820 million total (down ~8% YoY from $892M); median payment rose 368% to $59,556 even as total claimed attacks rose ~50%","Chainalysis 2026 Crypto Crime Report (2025 ransomware data)","https://www.chainalysis.com/blog/crypto-crime-ransomware-victim-extortion-2025/","industry"
"Accommodation, Food Services, Arts and Entertainment::cost of a data breach industries including hospitality entertainment retail bucking the general 2025 cost decline","Cost of a data breach, industries including hospitality/entertainment/retail bucking the general 2025 cost decline","Global average breach cost fell 9% to $4.44M in 2025, but entertainment, media, hospitality, education, retail and public sector cost trends moved against that decline (rose); US average breach cost hit $10.22M","IBM Cost of a Data Breach Report 2025","https://www.ibm.com/reports/data-breach","industry"
"Agriculture, Forestry, Fishing and Food Production::food and agriculture sector ransomware incidents tracked in 2025","Food & Agriculture sector ransomware incidents tracked in 2025","265 incidents, accounting for ~4.2% of 6,377 total ransomware incidents tracked across all sectors","Food and Ag-ISAC / IT-ISAC 2025 Ransomware Report (via Industrial Cyber and The Record)","https://industrialcyber.co/reports/food-and-ag-isac-reports-82-surge-in-ransomware-attacks-as-qilin-akira-and-cl0p-lead-campaigns-against-sector/","industry"
"Agriculture, Forestry, Fishing and Food Production::food and agriculture sector ransomware incidents in 2024","Food & Agriculture sector ransomware incidents in 2024","212 incidents (~5.8% of 3,494 total tracked ransomware incidents)","Food and Ag-ISAC / IT-ISAC 2024 Ransomware Report","https://www.agdaily.com/news/how-ransomware-attacks-impacted-ag-in-2024/","industry"
"Agriculture, Forestry, Fishing and Food Production::year over year growth in overall ransomware volume 2024 to 2025","Year-over-year growth in overall ransomware volume (2024 to 2025)","82% increase (3,508 tracked incidents in 2024 to 6,377 in 2025); food & ag attacks roughly doubled year over year","Food and Ag-ISAC 2025 Ransomware Report","https://therecord.media/ransomware-attacks-food-and-ag-double-2025","industry"
"Agriculture, Forestry, Fishing and Food Production::top ransomware groups targeting food and agriculture 2025","Top ransomware groups targeting food & agriculture (2025)","Qilin (dominant), Akira, CL0P, Play and Lynx — together nearly 50% of recorded sector incidents","Food and Ag-ISAC 2025 Ransomware Landscape","https://www.foodandag-isac.org/post/navigating-the-2025-food-and-agriculture-sector-ransomware-landscape","industry"
"Agriculture, Forestry, Fishing and Food Production::ransomwarelive agriculture and food production sector victim postings cumulative 2019 2026","Ransomware.live 'Agriculture and Food Production' sector victim postings (cumulative, 2019–2026)","1,219 tracked victim records; top groups LockBit3 (106), Akira (89), Qilin (89), Play (56), LockBit2 (44), Cl0p (43); top country US (321), then Canada, Brazil, Italy, France, Germany, UK, Spain","ransomware.live API v2 (/v2/sectorvictims/Agriculture and Food Production), pulled 2026-07-19","https://api.ransomware.live/v2/sectorvictims/Agriculture%20and%20Food%20Production","industry"
"Agriculture, Forestry, Fishing and Food Production::average ransom payment all sectors 2024","Average ransom payment (all sectors, 2024)","$2.0 million average ransom paid (up from ~$400,000 in 2023); overall recovery cost excluding ransom rose to $2.73 million (up ~50%)","Sophos, The State of Ransomware 2024","https://www.sophos.com/en-us/press/press-releases/2024/04/ransomware-payments-increase-500-last-year-finds-sophos-state","industry"
"Agriculture, Forestry, Fishing and Food Production::organizations hit by ransomware in the prior year all sectors 2024","Organizations hit by ransomware in the prior year (all sectors, 2024)","59% of organizations reported being hit (down from 66% in the prior two years)","Sophos, The State of Ransomware 2024","https://www.sophos.com/en-us/blog/the-state-of-ransomware-2024","industry"
"Agriculture, Forestry, Fishing and Food Production::total cost of an average ransomware attack all in 2024","Total cost of an average ransomware attack (all-in, 2024)","~$5.13 million average total cost (ransom + recovery + indirect damage); average downtime ~24 days; ransom often only ~15% of total cost","Industry cost aggregations (PurpleSec / Acronis / Halcyon, 2024–2025)","https://purplesec.us/learn/average-cost-of-ransomware-attacks/","industry"
"Agriculture, Forestry, Fishing and Food Production::downtime sensitivity in food and beverage","Downtime sensitivity in food & beverage","More than one-third of food & beverage respondents said one hour of operational downtime would cost at least $1 million in revenue, driving high ransom-payment propensity","TXOne Networks, From Farm to Fallout / Food & Beverage cybersecurity analysis","https://txone.com/blog/from-farm-to-fallout-ransomwares-impact-on-the-food-chain","industry"
"Agriculture, Forestry, Fishing and Food Production::sector ranking among critical infrastructure 2025","Sector ranking among critical infrastructure (2025)","Food & agriculture is a mid-tier but fast-rising target; critical manufacturing led with 1,440 attacks (22.7%), then commercial facilities 1,107 (17.5%), IT 746 (11.8%), healthcare 580 (9.2%), financial services 463 (7.3%)","Food and Ag-ISAC 2025 Ransomware Report","https://industrialcyber.co/reports/food-and-ag-isac-reports-82-surge-in-ransomware-attacks-as-qilin-akira-and-cl0p-lead-campaigns-against-sector/","industry"
"Construction::total construction sector victims recorded all time through mid july 2026","Total Construction-sector victims recorded (all-time, through mid-July 2026)","1,362 victims","ransomware.live (data.ransomware.live/victims.json, filtered to activity=Construction; cross-checked against www.ransomware.live/activity/Construction which independently shows the same 1,362 total)","https://www.ransomware.live/activity/Construction","industry"
"Construction::construction sector victims by year 2021 2026 partial 2026","Construction-sector victims by year (2021-2026, partial 2026)","2021: 73 | 2022: 136 | 2023: 307 | 2024: 62 (likely data-completeness gap) | 2025: 513 | 2026 (through mid-July): 267","ransomware.live full victim dataset, filtered and aggregated","https://data.ransomware.live/","industry"
"Construction::most active ransomware groups targeting construction all time victim count","Most active ransomware groups targeting Construction (all-time victim count)","Akira 135, Qilin 131, LockBit3 88, Play 82, DragonForce 61, LockBit2 47, ALPHV/BlackCat 41, Sinobi 39, INC Ransom 39, SafePay 33, 8Base 31, Medusa 30, BianLian 28, Lynx 27, TheGentlemen 25, Clop 23, BlackBasta 21, Cactus 20, LockBit5 20, Conti 18","ransomware.live full victim dataset, filtered and aggregated","https://data.ransomware.live/","industry"
"Construction::top countries for construction sector victims","Top countries for Construction-sector victims","US 509, GB 73, CA 49, DE 31, AU 28, FR 28, IT 20, CH 16, SG 15, AT 12, ES 11, BR 10, MY 10, SA 9 (383 records had no country coded)","ransomware.live full victim dataset, filtered and aggregated","https://data.ransomware.live/","industry"
"Construction::percentage of ransomware victims all industries who paid the ransom 2025","Percentage of ransomware victims (all industries) who paid the ransom, 2025","49% paid (down from 56% in 2024)","Sophos, The State of Ransomware 2025","https://www.sophos.com/en-us/blog/the-state-of-ransomware-2025","industry"
"Construction::average recovery cost excluding ransom payment 2025 all industries","Average recovery cost excluding ransom payment, 2025 (all industries)","$1.53 million (down 44% from $2.73 million in 2024)","Sophos, The State of Ransomware 2025","https://www.sophos.com/en-us/blog/the-state-of-ransomware-2025","industry"
"Construction::ransom demand payment size distribution 2025","Ransom demand/payment size distribution, 2025","57% of ransom demands and 52% of actual payments were $1 million or more; organizations that paid disbursed ~85% of the initial demand on average","Sophos, The State of Ransomware 2025","https://www.sophos.com/en-us/blog/the-state-of-ransomware-2025","industry"
"Construction::recovery speed 2025","Recovery speed, 2025","53% of victim organizations fully recovered within one week (up from 35% in 2024)","Sophos, The State of Ransomware 2025","https://www.sophos.com/en-us/blog/the-state-of-ransomware-2025","industry"
"Construction::data theft plus encryption rate construction property energy sectors vs manufacturing","Data-theft-plus-encryption rate, construction/property/energy sectors vs. manufacturing","Only ~15% of construction/property/energy organizations faced combined data theft and encryption, versus 39% for manufacturers","Sophos, cited via industry press coverage of Sophos ransomware research (construction/property/energy breakout)","https://www.sophos.com/en-us/blog/the-state-of-ransomware-2025","industry"
"Construction::ransomware victims who paid q4 2024 all industries","Ransomware victims who paid, Q4 2024 (all industries)","25% paid (a historic low at time of report)","Coveware Quarterly Ransomware Report, Q4 2024","https://www.coveware.com/ransomware-quarterly-reports","industry"
"Construction::average and median ransom payment q4 2024 all industries","Average and median ransom payment, Q4 2024 (all industries)","Average payment $553,959 (+16% QoQ); median payment $110,890 (-45% QoQ)","Coveware Quarterly Ransomware Report, Q4 2024","https://www.coveware.com/ransomware-quarterly-reports","industry"
"Construction::total on chain ransomware payments 2025 all industries global","Total on-chain ransomware payments, 2025 (all industries, global)","More than $820 million (down ~8% YoY from $892 million in 2024), though claimed attacks rose 50% YoY and the median ransom payment grew 368% YoY to nearly $60,000","Chainalysis 2026 Crypto Crime Report (covering 2025 data)","https://www.chainalysis.com/blog/crypto-ransomware-2026/","industry"
"Construction::global average total cost of a data breach 2025 all industries","Global average total cost of a data breach, 2025 (all industries)","$4.44 million","IBM Cost of a Data Breach Report 2025 (via databreachcost.com aggregation; construction is not broken out as a separate sector in IBM's 17-industry taxonomy - closest proxy 'Industrial' sector averaged $5 million)","https://databreachcost.com/by-industry","industry"
"Construction::ransomware involvement in breaches overall 2025","Ransomware involvement in breaches overall, 2025","Ransomware present in 44% of all reviewed breaches (up from 32% the prior year); 39% of large-enterprise breaches vs. 88% of SMB breach cases involved ransomware (not construction-specific)","Verizon 2025 Data Breach Investigations Report","https://www.verizon.com/business/resources/reports/2025-dbir-executive-summary.pdf","industry"
"Educational Services::median ransom paid lower education k 12","Median ransom PAID - lower education (K-12)","$800,000 in 2025, down 88% from $6.60M in 2024","Sophos, The State of Ransomware in Education 2025","https://www.sophos.com/en-us/blog/the-state-of-ransomware-in-education-2025","industry"
"Educational Services::median ransom paid higher education","Median ransom PAID - higher education","$463,000 in 2025, down from $4.41M in 2024","Sophos, The State of Ransomware in Education 2025","https://www.sophos.com/en-us/blog/the-state-of-ransomware-in-education-2025","industry"
"Educational Services::median ransom demanded lower vs higher education","Median ransom DEMANDED - lower vs higher education","Lower education $1.02M (down from $3.85M); higher education $697,000 (down from $3.55M)","Sophos, The State of Ransomware in Education 2025","https://www.sophos.com/en-us/blog/the-state-of-ransomware-in-education-2025","industry"
"Educational Services::mean recovery cost excluding ransom lower vs higher education","Mean recovery cost excluding ransom - lower vs higher education","Lower education $2.20M (down from $3.76M); higher education $0.90M (down from $4.02M) - higher education was the joint lowest of all industries surveyed","Sophos, The State of Ransomware in Education 2025","https://www.sophos.com/en-us/blog/the-state-of-ransomware-in-education-2025","industry"
"Educational Services::rate of data encryption in attacks","Rate of data encryption in attacks","Lower education 29% encrypted (67% stopped before encryption, up from 14%); higher education 58% encrypted (38% stopped before encryption, up from 21%)","Sophos, The State of Ransomware in Education 2025","https://www.sophos.com/en-us/blog/the-state-of-ransomware-in-education-2025","industry"
"Educational Services::leading root cause of attack","Leading root cause of attack","Higher education: exploited vulnerabilities, 35% of cases. Lower education: phishing, 22% of cases","Sophos, The State of Ransomware in Education 2025","https://www.sophos.com/en-us/blog/the-state-of-ransomware-in-education-2025","industry"
"Educational Services::recovery from backups declining reliability","Recovery from backups (declining reliability)","59% of encrypted-data cases in lower education (down from 75%); 47% in higher education (down from 78%). 97% of education providers with encrypted data eventually recovered it","Sophos, The State of Ransomware in Education 2025","https://www.sophos.com/en-us/blog/the-state-of-ransomware-in-education-2025","industry"
"Educational Services::speed of full recovery","Speed of full recovery","50% of lower education and 59% of higher education fully recovered within one week, up from 30% for both in 2024","Sophos / Infosecurity Magazine coverage of State of Ransomware in Education 2025","https://www.infosecurity-magazine.com/news/ransomware-payments-plummet/","industry"
"Educational Services::extortion only attacks exfiltration without encryption","Extortion-only attacks (exfiltration without encryption)","Lower education 4% (up from 1%); higher education 3% (up from 2%)","Sophos, The State of Ransomware in Education 2025","https://www.sophos.com/en-us/blog/the-state-of-ransomware-in-education-2025","industry"
"Educational Services::organisational weaknesses cited","Organisational weaknesses cited","Lower education: lack of expertise and limited incident-response capacity, 42% each. Higher education: unknown security gaps, 49% - the most commonly cited issue","Sophos, The State of Ransomware in Education 2025","https://www.sophos.com/en-us/blog/the-state-of-ransomware-in-education-2025","industry"
"Educational Services::global education ransomware attack volume 2025","Global education ransomware attack volume (2025)","251 attacks worldwide (94 confirmed by the victim, 157 unconfirmed); 130 in the US of which 50 confirmed; a 2% year-over-year increase, indicating a plateau after 2024","Comparitech, Education Ransomware Roundup 2025","https://www.comparitech.com/news/education-ransomware-roundup-2025-stats-on-attacks-ransoms-and-data-breaches/","industry"
"Educational Services::records breached in confirmed education attacks 2025","Records breached in confirmed education attacks (2025)","3,962,869 records, of which 3.89 million were in the US; over 241TB of data allegedly stolen across all attacks","Comparitech, Education Ransomware Roundup 2025","https://www.comparitech.com/news/education-ransomware-roundup-2025-stats-on-attacks-ransoms-and-data-breaches/","industry"
"Educational Services::average ransom demand in education 2025","Average ransom demand in education (2025)","$464,000 across all attacks (down 33% from $694,000 in 2024); $392,300 across confirmed attacks only; largest single demand $1.5M (Asia University, Taiwan)","Comparitech, Education Ransomware Roundup 2025","https://www.comparitech.com/news/education-ransomware-roundup-2025-stats-on-attacks-ransoms-and-data-breaches/","industry"
"Educational Services::most active groups claiming education victims 2025","Most active groups claiming education victims (2025)","Qilin 37 claimed attacks, SafePay 23, Fog and Interlock 18 each, INC Ransom 17; Interlock took credit for the most confirmed attacks (11)","Comparitech, Education Ransomware Roundup 2025","https://www.comparitech.com/news/education-ransomware-roundup-2025-stats-on-attacks-ransoms-and-data-breaches/","industry"
"Educational Services::average downtime per education ransomware incident","Average downtime per education ransomware incident","10.7 days of system unavailability per attack, with 2023 the worst year at 12.6 days average; estimated cost of approximately $548,185 per day of downtime","Comparitech, Ransomware attacks on US schools and colleges (2018 to mid-2024)","https://www.comparitech.com/blog/information-security/school-ransomware-attacks/","industry"
"Educational Services::ransom demand distribution and payment gap us schools colleges","Ransom demand distribution and payment gap (US schools/colleges)","Demands ranged from $5,000 to $40M with an average of approximately $1.4M, while actual payments averaged approximately $169,000; 491 incidents affecting 8,054 institutions and over 6.7 million records over the study period","Comparitech, Ransomware attacks on US schools and colleges (2018 to mid-2024)","https://www.comparitech.com/blog/information-security/school-ransomware-attacks/","industry"
"Educational Services::average total cost of a data breach education sector","Average total cost of a data breach - education sector","$3.8M, below the $4.44M global all-industry average; education was one of the few sectors where breach costs ROSE year over year against a global decline","IBM, Cost of a Data Breach Report 2025","https://www.ibm.com/reports/data-breach","industry"
"Educational Services::ransomware presence in breaches all sectors for benchmarking","Ransomware presence in breaches (all sectors, for benchmarking)","48% of analysed breaches in the 2026 DBIR, up from 44% in the 2025 edition (which was itself a 37% year-over-year rise)","Verizon, 2026 Data Breach Investigations Report","https://www.verizon.com/business/resources/reports/dbir/","industry"
"Educational Services::top breach patterns in the educational services chapter","Top breach patterns in the Educational Services chapter","Social engineering 42% and system intrusion 35% as leading patterns; stolen credentials were the top initial access vector across all sectors at 22% of breaches, with phishing starting 16%","Verizon, Data Breach Investigations Report (Educational Services chapter)","https://www.verizon.com/business/resources/reports/2025-dbir-data-breach-investigations-report.pdf","industry"
"Educational Services::third party and supply chain involvement in breaches","Third-party and supply-chain involvement in breaches","Third parties featured in 48% of breaches in the 2026 DBIR with supply-chain breaches up 60%; the 2025 edition had already recorded third-party involvement doubling to 30% from 15%","Verizon, 2026 Data Breach Investigations Report / Campus Technology analysis","https://campustechnology.com/articles/2026/01/22/ransomware-attacks-plateau-in-education-sector-while-third-party-risks-loom-large.aspx","industry"
"Educational Services::ransom payment rate all sectors for benchmarking","Ransom payment rate (all sectors, for benchmarking)","Fell to approximately 20% in Q4 2025 - a historic low - from 23% in Q3 2025","Coveware by Veeam, quarterly ransomware reports 2025","https://www.coveware.com/ransomware-quarterly-reports","industry"
"Educational Services::average and median ransom payment all sectors for benchmarking","Average and median ransom payment (all sectors, for benchmarking)","Q4 2025 average $591,988 and median $325,000; Q2 2025 peaked at an average of $1,130,070 with a $400,000 median before falling sharply in Q3","Coveware by Veeam, quarterly ransomware reports 2025","https://www.coveware.com/ransomware-quarterly-reports","industry"
"Educational Services::leak site victim count education sector primary dataset","Leak-site victim count, Education sector (primary dataset)","1,296 named victims from 2016 to 20 July 2026 across 135 distinct groups and 78 countries; peak years 2023 (307) and 2025 (328), with 158 recorded in the first ~7 months of 2026","ransomware.live API v2, /v2/sectorvictims/Education","https://api.ransomware.live/v2/sectorvictims/Education","industry"
"Educational Services::geographic concentration of education leak site victims","Geographic concentration of education leak-site victims","US 519 of 947 records with a resolved country (54.8%); GB 66, FR 31, CA 30, BR 28, IN 23, DE 22, AU 21, IT 16. By region: Europe approximately 191, APAC 96, Latin America and Caribbean 59","ransomware.live API v2, /v2/sectorvictims/Education (own analysis)","https://api.ransomware.live/v2/sectorvictims/Education","industry"
"Educational Services::disclosure completeness in education leak site records","Disclosure completeness in education leak-site records","Press coverage on only 170 of 1,296 records (13%); an explicit ransom figure on 12 (0.9%); a data volume on 21 (1.6%); country absent on 349 (27%) - severely limiting incident-level loss modelling","ransomware.live API v2, /v2/sectorvictims/Education (own analysis)","https://api.ransomware.live/v2/sectorvictims/Education","industry"
"Educational Services::independent corroboration of group ranking ransomwatch","Independent corroboration of group ranking (ransomwatch)","507 education-matching posts of 16,072 total: 2021 (57), 2022 (105), 2023 (193), 2024 (112), 2025 (40, partial). Top groups lockbit3 58, vicesociety 50, pysa 39, rhysida 39, FOG 27 - consistent with ransomware.live. Dataset stale after 16 June 2025","ransomwatch (joshhighet), posts.json","https://raw.githubusercontent.com/joshhighet/ransomwatch/main/posts.json","industry"
"Energy and Utilities::mean cost to recover from a ransomware attack energy oil gas and utilities","Mean cost to recover from a ransomware attack — energy, oil/gas & utilities","$3.12M in 2024 (vs $3.17M in 2023)","Sophos, The State of Ransomware in Critical Infrastructure 2024","https://www.sophos.com/en-us/press/press-releases/2024/07/median-recovery-costs-2-critical-infrastructure-sectors-energy-and","industry"
"Energy and Utilities::median ransom payment energy oil gas utilities","Median ransom payment — energy/oil-gas/utilities","$2.5M (2024); of those paying, 48% paid the original demand, 27% paid more, 26% paid less","Sophos, The State of Ransomware in Critical Infrastructure 2024","https://www.sophos.com/en-us/blog/the-state-of-ransomware-in-critical-infrastructure-2024","industry"
"Energy and Utilities::ransom payment propensity vs backup restoration energy sector","Ransom-payment propensity vs backup restoration — energy sector","61% paid the ransom to recover data; only 51% restored from backups — the lowest backup-use rate of any sector","Sophos, The State of Ransomware in Critical Infrastructure 2024","https://www.sophos.com/en-us/blog/the-state-of-ransomware-in-critical-infrastructure-2024","industry"
"Energy and Utilities::share of computers impacted per attack energy oil gas utilities","Share of computers impacted per attack — energy/oil-gas/utilities","62% of machines affected on average, vs 49% cross-sector average","Sophos, The State of Ransomware in Critical Infrastructure 2024","https://www.sophos.com/en-us/blog/the-state-of-ransomware-in-critical-infrastructure-2024","industry"
"Energy and Utilities::average total cost of a data breach energy sector","Average total cost of a data breach — energy sector","$4.83M (2024)","IBM Cost of a Data Breach Report 2024","https://www.ibm.com/reports/data-breach","industry"
"Energy and Utilities::most common initial attack vector all sectors relevant to energy","Most common initial attack vector (all sectors, relevant to energy)","Stolen/compromised credentials — 16% of breaches; longest to identify & contain (~10 months)","IBM Cost of a Data Breach Report 2024","https://newsroom.ibm.com/2024-07-30-ibm-report-escalating-data-breach-disruption-pushes-costs-to-new-highs","industry"
"Energy and Utilities::ransomware attacks on industrial ot organizations incl energy","Ransomware attacks on industrial/OT organizations (incl. energy)","1,693 attacks in 2024 (+87% YoY); groups targeting industrials rose to 80 (+60%). In 2025, 119 groups impacting ~3,300 organizations.","Dragos 8th Annual OT Cybersecurity Year in Review (2024/2025)","https://www.dragos.com/resources/press-release/dragos-reports-ot-ics-cyber-threats-escalate-amid-geopolitical-conflicts-and-increasing-ransomware-attacks","industry"
"Energy and Utilities::ot operational impact of ransomware industrial sectors incl energy","OT operational impact of ransomware (industrial sectors incl. energy)","25% of observed OT ransomware cases involved a full OT-site shutdown; 75% caused some operational disruption","Dragos OT Cybersecurity Year in Review","https://www.dragos.com/blog/dragos-8th-annual-ot-cybersecurity-year-in-review-is-now-available","industry"
"Energy and Utilities::confirmed ransomware attacks on global energy and utilities sector 2025","Confirmed ransomware attacks on global energy & utilities sector (2025)","187 confirmed successful attacks in 2025 (per industry reporting aggregated in search); Cyfirma noted 72 victims, +64% over prior period","Industry reporting (BlackFog / Cyfirma via Industrial Cyber), 2025","https://industrialcyber.co/utilities-energy-power-water-waste/energy-and-utilities-cyber-threats-escalate-as-ransomware-and-apt-activity-rise-cyfirma-reports/","industry"
"Finance and Insurance::median ransom demand financial services sector 2025","Median ransom demand, financial services sector (2025)","$3,000,000 (highest of any industry surveyed)","Sophos, The State of Ransomware in Financial Services 2025","https://www.sophos.com/en-us/resources/white-papers/state-of-ransomware-in-financial-services","industry"
"Finance and Insurance::median ransom payment financial services sector 2025","Median ransom payment, financial services sector (2025)","$2,100,000","Sophos, The State of Ransomware in Financial Services 2025","https://www.sophos.com/en-us/resources/white-papers/state-of-ransomware-in-financial-services","industry"
"Finance and Insurance::average cost to fully recover from a ransomware attack financial services 2025","Average cost to fully recover from a ransomware attack, financial services (2025)","$1.74 million (down from $2.58 million in 2024)","Sophos, The State of Ransomware in Financial Services 2025","https://www.sophos.com/en-us/resources/white-papers/state-of-ransomware-in-financial-services","industry"
"Finance and Insurance::root cause cited as security gaps lack of adequate protection financial services respondents 2025","Root cause cited as 'security gaps / lack of adequate protection', financial services respondents (2025)","66-67%","Sophos, The State of Ransomware in Financial Services 2025","https://www.sophos.com/en-us/resources/white-papers/state-of-ransomware-in-financial-services","industry"
"Finance and Insurance::average total cost of a data breach financial services sector 2025","Average total cost of a data breach, financial services sector (2025)","$5.56 million (2nd highest of 17 industries, behind healthcare; 25% above global average; down from $6.08M in 2024)","IBM Cost of a Data Breach Report 2025","https://www.ibm.com/reports/data-breach","industry"
"Finance and Insurance::global average cost of a data breach all industries 2025","Global average cost of a data breach, all industries (2025)","$4.44 million (US companies averaged $10.22 million)","IBM Cost of a Data Breach Report 2025","https://www.ibm.com/reports/data-breach","industry"
"Finance and Insurance::breach lifecycle detection and escalation share of cost financial services vs global","Breach lifecycle detection & escalation share of cost, financial services vs. global","~34% in financial services vs. ~29% global average, driven by compressed regulator-notification timelines","IBM Cost of a Data Breach Report 2025","https://www.ibm.com/reports/data-breach","industry"
"Finance and Insurance::highest median ransom payment by sector full year 2025","Highest median ransom payment by sector, full-year 2025","Financial services sector had the highest median ransom payments among sectors tracked, at $2.0 million","Coveware Quarterly Ransomware Reports (2025 series)","https://www.coveware.com/ransomware-quarterly-reports","industry"
"Finance and Insurance::overall ransom payment rate all sectors q4 2025","Overall ransom payment rate (all sectors), Q4 2025","~20% (a historic low)","Coveware Quarterly Ransomware Report, Q4 2025","https://www.coveware.com/blog/2025/10/24/insider-threats-loom-while-ransom-payment-rates-plummet","industry"
"Finance and Insurance::average median ransom payment all sectors q4 2025","Average / median ransom payment (all sectors), Q4 2025","Average $591,988 (up 57% QoQ); median $325,000 (up 132% QoQ)","Coveware Quarterly Ransomware Report, Q4 2025","https://www.coveware.com/blog/2025/10/24/insider-threats-loom-while-ransom-payment-rates-plummet","industry"
"Finance and Insurance::confirmed breaches involving ransomware all industries 2024 data","Confirmed breaches involving ransomware, all industries (2024 data)","44% of confirmed breaches involved ransomware, up from 32% the year before","Verizon 2025 Data Breach Investigations Report (DBIR)","https://www.verizon.com/business/resources/reports/2025-dbir-data-breach-investigations-report.pdf","industry"
"Finance and Insurance::financial and insurance sector incidents breaches veris industry classification 2024 data","Financial and Insurance sector incidents/breaches (VERIS industry classification, 2024 data)","3,336 incidents and 927 confirmed breaches","Verizon 2025 DBIR, Finance Snapshot","https://www.verizon.com/business/resources/infographics/2025-dbir-finance-snapshot.pdf","industry"
"Finance and Insurance::median ransom payment all industries 2024 data","Median ransom payment, all industries (2024 data)","$115,000, down from $150,000 in 2023","Verizon 2025 Data Breach Investigations Report (DBIR)","https://www.verizon.com/business/resources/reports/2025-dbir-data-breach-investigations-report.pdf","industry"
"Finance and Insurance::organizations refusing to pay ransom all industries 2024","Organizations refusing to pay ransom, all industries (2024)","64%, up from 50% in 2022","Verizon 2025 Data Breach Investigations Report (DBIR)","https://www.verizon.com/business/resources/reports/2025-dbir-data-breach-investigations-report.pdf","industry"
"Finance and Insurance::ransomware victims prior credentials exposed in infostealer logs all industries 2024 data","Ransomware victims prior credentials exposed in infostealer logs (all industries, 2024 data)","54%","Verizon 2025 Data Breach Investigations Report (DBIR)","https://www.verizon.com/business/resources/reports/2025-dbir-data-breach-investigations-report.pdf","industry"
"Healthcare and Social Assistance::total healthcare sector victims posted on ransomware leak sites 2015 2026 cumulative","Total Healthcare-sector victims posted on ransomware leak sites (2015-2026, cumulative)","2,443 victims","ransomware.live v2 API, sectorvictims/Healthcare endpoint (pulled 2026-07-19/20)","https://api.ransomware.live/v2/sectorvictims/Healthcare","industry"
"Healthcare and Social Assistance::healthcare sector victims by year ransomwarelive","Healthcare-sector victims by year (ransomware.live)","2020: 34 | 2021: 106 | 2022: 206 | 2023: 443 | 2024: 627 | 2025: 627 | 2026 (through Jul 19): 387","ransomware.live v2 API, sectorvictims/Healthcare endpoint","","industry"
"Healthcare and Social Assistance::top ransomware groups targeting healthcare by posted victim count","Top ransomware groups targeting Healthcare (by posted-victim count)","Qilin 178, LockBit3 143, Inc Ransom 128, BianLian 92, RansomHub 81, Clop 72, ALPHV/BlackCat 68, Everest 63, Medusa 63","ransomware.live v2 API, sectorvictims/Healthcare endpoint","","industry"
"Healthcare and Social Assistance::top countries for healthcare sector victims","Top countries for Healthcare-sector victims","US 1,092, GB 58, AU 58, CA 57, IN 56, DE 55, FR 47, BR 45","ransomware.live v2 API, sectorvictims/Healthcare endpoint","","industry"
"Healthcare and Social Assistance::average cost of a us healthcare data breach 2025","Average cost of a US healthcare data breach (2025)","$7.42 million (down from ~$9.77M in 2024); highest of any industry for 14 consecutive years; average detection+containment time 279 days (longest of any industry)","IBM Cost of a Data Breach Report 2025","https://www.ibm.com/reports/data-breach","industry"
"Healthcare and Social Assistance::global average cost per exposed record per breach healthcare","Global average cost per exposed record / per breach, healthcare","$398 per exposed record; $3.5 million per breach (global, all countries)","IBM Cost of a Data Breach Report 2025 (as reported via HIPAA Journal/IBM insights)","https://www.ibm.com/think/insights/cost-of-a-data-breach-healthcare-industry","industry"
"Healthcare and Social Assistance::healthcare ransom demand and payment trend 2025","Healthcare ransom demand and payment trend, 2025","Average ransom demand fell 91% year-over-year to $343K (from $4M in 2024); average ransom paid fell to $150K (from $1.47M) - lowest of any sector surveyed; only 36% of healthcare providers paid (down from 61% in 2022)","Sophos State of Ransomware in Healthcare 2025","https://www.sophos.com/en-us/resources/white-papers/state-of-ransomware-in-healthcare","industry"
"Healthcare and Social Assistance::healthcare mean ransomware recovery cost excluding ransom 2025","Healthcare mean ransomware recovery cost (excluding ransom), 2025","$1.02 million, down 60% from $2.57 million in 2024","Sophos State of Ransomware in Healthcare 2025","https://www.sophos.com/en-us/blog/the-state-of-ransomware-in-healthcare-2025","industry"
"Healthcare and Social Assistance::data encryption rate in healthcare ransomware incidents 2025","Data-encryption rate in healthcare ransomware incidents, 2025","34% of attacks resulted in data encryption - a 5-year low; attacks stopped before encryption at a 5-year high","Sophos State of Ransomware in Healthcare 2025","https://www.sophos.com/en-us/blog/the-state-of-ransomware-in-healthcare-2025","industry"
"Healthcare and Social Assistance::confirmed ransomware attacks on healthcare providers 2024 vs 2025","Confirmed ransomware attacks on healthcare providers, 2024 vs 2025","2024: 181 confirmed attacks on providers, ~25.6 million records affected, avg demand $5.7M, avg paid $900K. 2025: 445 attacks on hospitals/clinics/direct-care providers plus 191 on healthcare businesses (vendors/billing/pharma), avg demand ~$600K","Comparitech Healthcare Ransomware Roundup 2025","https://www.comparitech.com/news/healthcare-ransomware-roundup-2025-stats-on-attacks-ransoms-and-data-breaches/","industry"
"Healthcare and Social Assistance::median ransom paid by healthcare victims 2025","Median ransom paid by healthcare victims, 2025","~$150,000 - among the lowest of any industry tracked","Coveware Quarterly Ransomware Report (via industry press coverage)","https://www.coveware.com/ransomware-quarterly-reports","industry"
"Healthcare and Social Assistance::share of healthcare breaches involving ransomware","Share of healthcare breaches involving ransomware","48% of all healthcare breaches involved ransomware in the 2026 DBIR reporting period (Nov 2024-Oct 2025), up from 44% the prior year","Verizon 2026 Data Breach Investigations Report, Healthcare Snapshot","https://www.verizon.com/business/resources/reports/2026-dbir-healthcare-snapshot.pdf","industry"
"Healthcare and Social Assistance::healthcare share of all ransomware attacks q2 2025","Healthcare share of all ransomware attacks, Q2 2025","13.7% of ransomware attacks in Q2 2025 targeted healthcare, among the most-targeted sectors","Coveware Q2 2025 Ransomware Report (via Veeam press release)","https://www.veeam.com/company/press-release/coveware-by-veeam-reveals-q2-2025-ransomware-surge-social-engineering-and-data-exfiltration-drive-record-payouts.html","industry"
"Information Technology::technology share of ransomware incidents 2nd most targeted sector behind manufacturing at 14","Technology share of ransomware incidents (2nd most-targeted sector, behind manufacturing at 14%)","~9% of incidents","Sophos State of Ransomware 2025","https://www.sophos.com/en-us/content/state-of-ransomware","industry"
"Information Technology::average ransomware recovery cost all sectors excl ransom","Average ransomware recovery cost (all sectors, excl. ransom)","$1.53M (down 44% from $2.73M in 2024)","Sophos State of Ransomware 2025","https://www.sophos.com/en-us/blog/the-state-of-ransomware-2025","industry"
"Information Technology::median ransom payment all sectors","Median ransom payment (all sectors)","$1.0M (down from $1.26M prior year)","Sophos State of Ransomware 2025","https://www.sophos.com/en-us/blog/the-state-of-ransomware-2025","industry"
"Information Technology::average cost of an extortion ransomware incident","Average cost of an extortion/ransomware incident","$5.08M","IBM Cost of a Data Breach 2025","https://www.ibm.com/reports/data-breach","industry"
"Information Technology::average data breach cost technology sector","Average data-breach cost, Technology sector","$4.79M","IBM Cost of a Data Breach 2025","https://www.ibm.com/reports/data-breach","industry"
"Information Technology::global average data breach cost all industries","Global average data-breach cost (all industries)","$4.44M (down 9% from $4.88M)","IBM Cost of a Data Breach 2025","https://www.ibm.com/reports/data-breach","industry"
"Information Technology::average ransom payment q4 2024","Average ransom payment, Q4 2024","$553,959 (+16% QoQ)","Coveware Q4 2024 Quarterly Report","https://www.coveware.com/blog/2025/1/31/q4-report","industry"
"Information Technology::median ransom payment q4 2024","Median ransom payment, Q4 2024","$110,890 (-45% QoQ)","Coveware Q4 2024 Quarterly Report","https://www.coveware.com/blog/2025/1/31/q4-report","industry"
"Information Technology::share of victims paying a ransom q4 2024 all time low","Share of victims paying a ransom, Q4 2024 (all-time low)","25%","Coveware Q4 2024 Quarterly Report","https://www.coveware.com/blog/2025/1/31/q4-report","industry"
"Information Technology::share of breaches involving ransomware","Share of breaches involving ransomware","44% (up from 32% prior year); 88% among SMBs","Verizon DBIR 2025","https://www.verizon.com/business/resources/reports/dbir/","industry"
"Information Technology::median ransomware payout share refusing to pay","Median ransomware payout / share refusing to pay","Median $115K; 64% of victims refused to pay","Verizon DBIR 2025","https://www.verizon.com/business/resources/reports/dbir/","industry"
"Information Technology::total tracked ransom payments 2024","Total tracked ransom payments, 2024","~$813.55M (down ~35% from $1.25B record in 2023)","Chainalysis 2025 Crypto Crime Report","https://www.chainalysis.com/blog/crypto-crime-ransomware-victim-extortion-2025/","industry"
"Information Technology::cdk global downstream dealer losses single it saas incident","CDK Global downstream dealer losses (single IT-SaaS incident)",">$1B (Anderson Economic Group)","Anderson Economic Group via TechTarget/CyberScoop","https://www.techtarget.com/whatis/feature/The-CDK-Global-outage-Explaining-how-it-happened","industry"
"Information Technology::moveit progress downstream scope single it supply chain incident","MOVEit/Progress downstream scope (single IT supply-chain incident)","2,700+ organizations; ~93.3M individuals; est. aggregate cost ~$10.6B-$15.8B","Emsisoft / Wikipedia MOVEit analysis","https://www.emsisoft.com/en/blog/44123/unpacking-the-moveit-breach-statistics-and-analysis/","industry"
"Manufacturing::manufacturing as share of ransomware attacks industry rank","Manufacturing as share of ransomware attacks (industry rank)","Manufacturing was the most-targeted sector globally for the 5th consecutive year in 2025; ~1 in 4 attacks (roughly 25%) hit manufacturing per one industry tracker, with incidents rising from 937 (2024) to 1,466 (2025), a 56% increase","Industrial Cyber / cyber-insurance industry report roundup, citing 2025 ransomware tracking data","https://industrialcyber.co/reports/global-ransomware-attacks-rose-32-in-2025-as-manufacturers-emerged-as-top-target/","industry"
"Manufacturing::manufacturing ransomware incident growth alternate count","Manufacturing ransomware incident growth (alternate count)","Ransomware attacks against manufacturing rose from 520 to 838 incidents, a 61% year-over-year increase","Industrial Cyber, citing 2025 threat intelligence report","https://industrialcyber.co/manufacturing/manufacturing-absorbs-56-ransomware-surge-of-global-attacks-in-2025-as-raas-legacy-ot-supply-chains-fuel-spike/","industry"
"Manufacturing::average ransom demand manufacturing","Average ransom demand, manufacturing","Rose from $523,000 to $1.16 million year-over-year (per one 2025 tracker); Sophos separately reports average ransom demand of $1.2M in 2025 (down 20% from $1.5M in 2024)","Industrial Cyber (tracker) and Sophos State of Ransomware in Manufacturing and Production 2025","https://www.sophos.com/en-us/blog/the-state-of-ransomware-in-manufacturing-and-production-2025","industry"
"Manufacturing::median attack cost ransom payment manufacturing","Median attack cost / ransom payment, manufacturing","Median attack cost ~$500,000 (excluding longer-term operational losses, per tracker); Sophos: median ransom paid $1.0 million in 2025 (down from $1.2M average demand), average payment $1.0M (down from $1.2M in 2024)","Sophos State of Ransomware in Manufacturing and Production 2025","https://www.sophos.com/en-us/blog/the-state-of-ransomware-in-manufacturing-and-production-2025","industry"
"Manufacturing::rate of ransom payment among affected manufacturers","Rate of ransom payment among affected manufacturers","51% of manufacturing organizations with encrypted data paid the ransom in 2025 (Sophos); Coveware separately reported manufacturing had the highest payment rate of any sector in 2024 at 62%, driven by pressure to avoid operational downtime","Sophos 2025 and Coveware 2024/2025 quarterly reports","https://www.sophos.com/en-us/blog/the-state-of-ransomware-in-manufacturing-and-production-2025","industry"
"Manufacturing::rate of successful encryption vs attack disruption","Rate of successful encryption vs. attack disruption","40% of attacks on manufacturers resulted in data encryption in 2025 (lowest in 5 years, down from 74% in 2024); 50% of manufacturers stopped the attack before encryption (up from 24% the prior year)","Sophos State of Ransomware in Manufacturing and Production 2025","https://www.sophos.com/en-us/blog/the-state-of-ransomware-in-manufacturing-and-production-2025","industry"
"Manufacturing::mean recovery cost excluding ransom paid manufacturing","Mean recovery cost (excluding ransom paid), manufacturing","$1.3 million in 2025, down ~24% from $1.7 million in 2024","Sophos State of Ransomware in Manufacturing and Production 2025","https://www.sophos.com/en-us/blog/the-state-of-ransomware-in-manufacturing-and-production-2025","industry"
"Manufacturing::root causes of manufacturing ransomware incidents","Root causes of manufacturing ransomware incidents","Exploited vulnerabilities are the leading root cause (32% of incidents); lack of in-house expertise to detect/stop attacks cited by 42.5% of victims","Sophos State of Ransomware in Manufacturing and Production 2025","https://www.sophos.com/en-us/blog/the-state-of-ransomware-in-manufacturing-and-production-2025","industry"
"Manufacturing::dominant threat actor groups against manufacturing 2025","Dominant threat actor groups against manufacturing (2025)","Akira, Qilin, and Play identified as the three most active ransomware groups targeting manufacturing/production organizations","Sophos X-Ops, State of Ransomware in Manufacturing and Production 2025","https://www.sophos.com/en-us/blog/the-state-of-ransomware-in-manufacturing-and-production-2025","industry"
"Manufacturing::average total cost of a data breach industrial sector","Average total cost of a data breach, industrial sector","$5.56 million (2024 IBM report figure); ~$5M cited in some 2025 summaries. Time to identify/contain a breach: 199 days to identify, 73 days to contain (above the 194/64-day global average)","IBM Cost of a Data Breach Report (2024/2025 industrial sector analysis)","https://www.ibm.com/think/insights/cost-of-a-data-breach-industrial-sector","industry"
"Manufacturing::cost of unplanned manufacturing downtime","Cost of unplanned manufacturing downtime","Unplanned downtime from ransomware can cost up to $125,000 per hour in manufacturing environments","IBM Cost of a Data Breach industrial sector analysis","https://www.ibm.com/think/insights/cost-of-a-data-breach-industrial-sector","industry"
"Manufacturing::coveware overall average median ransom payment trend all sectors q4 2025 for context","Coveware overall average/median ransom payment trend (all sectors, Q4 2025, for context)","Q4 2025 average ransom payment $591,988 (up 57% QoQ); median ransom payment $325,000 (up 132% QoQ). Q3 2025 average was ~$377,000, median $140,000","Coveware Quarterly Ransomware Report, Q3-Q4 2025","https://www.coveware.com/ransomware-quarterly-reports","industry"
"Manufacturing::ransomwarelive manufacturing sector victim count this pull","ransomware.live Manufacturing sector victim count (this pull)","4,434 total victim/leak-site postings tagged ""Manufacturing"" as of 2026-07-20; top groups by posting volume: Akira (363), LockBit3 (323), Qilin (303), Play (263), Black Basta (148), LockBit2 (145), Clop (142), ALPHV/BlackCat (112); top countries: US (1,370), Germany (249), Canada (164), UK (134), Italy (134); year-over-year posting counts show sharp growth: 2021=295, 2022=511, 2023=880, 2024=816, 2025=1,204, 2026 YTD=668","ransomware.live API v2 (/v2/sectorvictims/Manufacturing), direct pull","https://api.ransomware.live/v2/sectorvictims/Manufacturing","industry"
"Professional, Scientific, Technical Services, Real Estate and Wholesale Trade::global median ransom payment 2025","Global median ransom payment (2025)","$1,000,000 (down ~50% from $2,000,000 in 2024)","Sophos, The State of Ransomware 2025","https://www.sophos.com/en-us/blog/the-state-of-ransomware-2025","industry"
"Professional, Scientific, Technical Services, Real Estate and Wholesale Trade::average ransom payment q2 2025","Average ransom payment, Q2 2025","$1.13 million (up 104% from Q1 2025); median $400,000 (up 100% QoQ)","Coveware Quarterly Ransomware Report, Q2 2025","https://blocksandfiles.com/2025/08/13/coveware-charts-rise-of-data-exfiltration/","industry"
"Professional, Scientific, Technical Services, Real Estate and Wholesale Trade::share of ransomware victims that pay","Share of ransomware victims that pay","26% (Coveware Q2 2025); professional services, manufacturing, and healthcare rank among the most-targeted sectors","Coveware Quarterly Ransomware Report, Q2 2025","https://www.veeam.com/company/press-release/coveware-by-veeam-reveals-q2-2025-ransomware-surge-social-engineering-and-data-exfiltration-drive-record-payouts.html","industry"
"Professional, Scientific, Technical Services, Real Estate and Wholesale Trade::cases involving data exfiltration vs encryption only","Cases involving data exfiltration (vs. encryption-only)","74% of ransomware cases in Q2 2025 involved exfiltration","Coveware Quarterly Ransomware Report, Q2 2025","https://blocksandfiles.com/2025/08/13/coveware-charts-rise-of-data-exfiltration/","industry"
"Professional, Scientific, Technical Services, Real Estate and Wholesale Trade::global average total cost of a data breach 2025","Global average total cost of a data breach (2025)","$4.44 million (down from $4.88 million in 2024); Technology sector average $4.79 million, Industrial sector average $5.00 million (closest published proxies to professional/technical services - IBM does not break out a standalone 'professional services' category)","IBM Cost of a Data Breach Report 2025","https://www.ibm.com/reports/data-breach","industry"
"Professional, Scientific, Technical Services, Real Estate and Wholesale Trade::ransomware presence in confirmed breaches 2025 dataset","Ransomware presence in confirmed breaches (2025 dataset)","Ransomware present in 44% of breaches overall; median ransom payout $115,000; 64% of victims refused to pay","Verizon 2025 Data Breach Investigations Report (DBIR)","https://www.verizon.com/business/resources/Tea/reports/2025-dbir-data-breach-investigations-report.pdf","industry"
"Professional, Scientific, Technical Services, Real Estate and Wholesale Trade::breaches involving a third party","Breaches involving a third party","30% of all breaches involved a third party in 2025, double the prior year's 15% - directly relevant to this sector's MSP/BPO/vendor exposure","Verizon 2025 Data Breach Investigations Report (DBIR)","https://www.verizon.com/business/resources/Tea/reports/2025-dbir-data-breach-investigations-report.pdf","industry"
"Professional, Scientific, Technical Services, Real Estate and Wholesale Trade::smb breaches with a ransomware component","SMB breaches with a ransomware component","88% of breaches involving small/medium businesses contained a ransomware component in the 2025 dataset - relevant given the long tail of small professional-services and wholesale firms in this sector","Verizon 2025 Data Breach Investigations Report (DBIR)","https://www.verizon.com/business/resources/infographics/2025-dbir-smb-snapshot.pdf","industry"
"Professional, Scientific, Technical Services, Real Estate and Wholesale Trade::total on chain ransomware payments 2025","Total on-chain ransomware payments, 2025","Approximately $820 million globally (down ~8% YoY), though the figure was expected to rise toward $900M as more incidents are later attributed","Chainalysis 2026 Crypto Crime Report","https://www.chainalysis.com/blog/crypto-ransomware-2026/","industry"
"Professional, Scientific, Technical Services, Real Estate and Wholesale Trade::share of ransomware incidents where ransom is paid 2025","Share of ransomware incidents where ransom is paid (2025)","Approximately 28%, a record low, even as claimed victim counts rose roughly 50% YoY","Chainalysis 2026 Crypto Crime Report","https://www.chainalysis.com/blog/crypto-ransomware-2026/","industry"
"Professional, Scientific, Technical Services, Real Estate and Wholesale Trade::median individual ransom demand growth 2025","Median individual ransom demand growth, 2025","Grew 368% year-over-year to nearly $60,000","Chainalysis 2026 Crypto Crime Report","https://www.chainalysis.com/blog/crypto-ransomware-2026/","industry"
"Professional, Scientific, Technical Services, Real Estate and Wholesale Trade::business services sector claimed victim volume observed on ransomwarelive","Business Services sector claimed-victim volume observed on ransomware.live","100+ new claimed victims logged in just the ~3-week window of June 30-July 19, 2026 alone, spanning US, Brazil, South Africa, Czechia, Mexico, Bangladesh, Netherlands, Italy, Japan, Germany, Ireland, Spain, Greece, and Pakistan; dominant claiming groups in that window: Qilin, DragonForce, INC Ransom, TheGentlemen, Deadlock, Akira, and m3rx","ransomware.live v2 API, sectorvictims/Business Services endpoint","https://api.ransomware.live/v2/sectorvictims/Business%20Services","industry"
"Public Administration (Government)::share of state and local government organizations hit by ransomware in the past year 2024","Share of state & local government organizations hit by ransomware in the past year (2024)","34% (down 51% from 69% reported in 2023)","Sophos, The State of Ransomware in State and Local Government 2024","https://www.sophos.com/en-us/blog/the-state-of-ransomware-in-state-and-local-government-2024","industry"
"Public Administration (Government)::mean recovery cost per ransomware attack state and local government 2024","Mean recovery cost per ransomware attack, state & local government (2024)","$2.83 million (more than double the $1.21M reported in 2023)","Sophos, The State of Ransomware in State and Local Government 2024","https://www.sophos.com/en-us/blog/the-state-of-ransomware-in-state-and-local-government-2024","industry"
"Public Administration (Government)::median ransom payment state and local government 2024","Median ransom payment, state & local government (2024)","$2.2 million; 54% of those hit paid to get data back; victims paid ~104% of the initial demand on average","Sophos, The State of Ransomware in State and Local Government 2024","https://www.sophos.com/en-us/blog/the-state-of-ransomware-in-state-and-local-government-2024","industry"
"Public Administration (Government)::share of computers devices impacted per attack state and local government","Share of computers/devices impacted per attack, state & local government","~56% of machines affected on average (above the 49% cross-sector average); 78% restored data from backups","Sophos, The State of Ransomware in State and Local Government 2024","https://www.sophos.com/en-us/blog/the-state-of-ransomware-in-state-and-local-government-2024","industry"
"Public Administration (Government)::cumulative us government ransomware attacks and estimated downtime cost 2018 dec 2024","Cumulative U.S. government ransomware attacks & estimated downtime cost (2018-Dec 2024)","525 individual attacks on U.S. government organizations, ~$1.09 billion in estimated downtime cost","Comparitech, Government ransomware attacks analysis","https://www.comparitech.com/blog/information-security/government-ransomware-attacks/","industry"
"Public Administration (Government)::ransomware presence in breaches all sectors verizon 2025 dbir","Ransomware presence in breaches, all sectors (Verizon 2025 DBIR)","Ransomware present in 44% of breaches (up ~37% YoY); median payout fell to ~$115K; 64% of victims refused to pay","Verizon 2025 Data Breach Investigations Report","https://www.verizon.com/business/resources/reports/2025-dbir-data-breach-investigations-report.pdf","industry"
"Public Administration (Government)::ransomware and extortion share of breaches all sectors verizon 2024 dbir","Ransomware & extortion share of breaches, all sectors (Verizon 2024 DBIR)","Ransomware in ~23% of breaches (one-third when combined with extortion at 9%); median ransom demand ~1.34% of victim revenue","Verizon 2024 Data Breach Investigations Report","https://www.verizon.com/business/resources/reports/2024-dbir-data-breach-investigations-report.pdf","industry"
"Public Administration (Government)::espionage motivated breaches verizon 2025 dbir relevant to national government","Espionage-motivated breaches (Verizon 2025 DBIR) - relevant to national government","Espionage breaches up 163% YoY, now 17% of incidents; 28% of state-linked breaches also financially motivated ('double-dipping')","Verizon 2025 Data Breach Investigations Report","https://www.verizon.com/business/resources/reports/2025-dbir-data-breach-investigations-report.pdf","industry"
"Public Administration (Government)::global average total cost of a data breach all industries 2024 public sector context","Global average total cost of a data breach, all industries (2024) - public-sector context","$4.88 million global average (record high); the public sector is consistently among the lowest-cost industries in IBM's dataset (public-sector-specific figure not isolated in accessed sources)","IBM Cost of a Data Breach Report 2024","https://www.ibm.com/think/insights/whats-new-2024-cost-of-a-data-breach-report","industry"
"Public Administration (Government)::growth in ransomware incidents against government bodies h1 2025","Growth in ransomware incidents against government bodies, H1 2025","~65% increase in ransomware incidents affecting government bodies vs. the same period a year earlier","SOCRadar, U.S. State & Local Government Ransomware 2025-2026 trend analysis","https://socradar.io/blog/us-state-local-government-ransomware-2025-2026/","industry"
"Public Administration (Government)::overall ransomware payment trend sophos 2024 cross sector","Overall ransomware payment trend (Sophos 2024, cross-sector)","Average ransom payments increased ~500% year-over-year across sectors","Sophos, The State of Ransomware 2024 (press release)","https://www.sophos.com/en-us/press/press-releases/2024/04/ransomware-payments-increase-500-last-year-finds-sophos-state","industry"
"Retail Trade and Consumer Services::retailers hit by ransomware who paid the ransom 2025","Retailers hit by ransomware who paid the ransom (2025)","58% (up from ~30% in 2021), nearly doubling over 5 years","Sophos, The State of Ransomware in Retail 2025 (survey of 361 retail IT/security leaders, 16 countries, Jan-Mar 2025)","https://www.sophos.com/en-us/blog/the-state-of-ransomware-in-retail-2025","industry"
"Retail Trade and Consumer Services::median ransom demand retail sector 2025","Median ransom demand, retail sector (2025)","$2,000,000 (doubled from $1,000,000 in 2024)","Sophos, The State of Ransomware in Retail 2025","https://www.sophos.com/en-us/blog/the-state-of-ransomware-in-retail-2025","industry"
"Retail Trade and Consumer Services::median ransom payment retail sector 2025","Median ransom payment, retail sector (2025)","$1,000,000 (up 5% from $950,000 in 2024)","Sophos, The State of Ransomware in Retail 2025","https://www.sophos.com/en-us/blog/the-state-of-ransomware-in-retail-2025","industry"
"Retail Trade and Consumer Services::average recovery cost excluding ransom retail sector 2025","Average recovery cost excluding ransom, retail sector (2025)","$1.65M, down 40% year-over-year, lowest in 3 years","Sophos, The State of Ransomware in Retail 2025","https://www.sophos.com/en-us/blog/the-state-of-ransomware-in-retail-2025","industry"
"Retail Trade and Consumer Services::data encryption rate in retail ransomware attacks 2025","Data encryption rate in retail ransomware attacks (2025)","48% of attacks resulted in encryption (5-year low); extortion-only (no encryption) attacks rose from 2% in 2023 to 6% in 2025","Sophos, The State of Ransomware in Retail 2025","https://www.sophos.com/en-us/blog/the-state-of-ransomware-in-retail-2025","industry"
"Retail Trade and Consumer Services::root cause of retail ransomware attacks 2025","Root cause of retail ransomware attacks (2025)","Exploited vulnerability: 30% of incidents; ""lack of expertise/capacity in-house"" cited as root cause in 45% of attacks - the highest rate of any sector Sophos surveyed","Sophos, The State of Ransomware in Retail 2025","https://www.sophos.com/en-us/blog/the-state-of-ransomware-in-retail-2025","industry"
"Retail Trade and Consumer Services::average ransomware payment all sectors q2 2025","Average ransomware payment, all sectors, Q2 2025","$1.13 million","Coveware Quarterly Ransomware Report","https://www.coveware.com/ransomware-quarterly-reports","industry"
"Retail Trade and Consumer Services::average ransomware payment all sectors q3 2025","Average ransomware payment, all sectors, Q3 2025","$376,941","Coveware Quarterly Ransomware Report","https://www.coveware.com/ransomware-quarterly-reports","industry"
"Retail Trade and Consumer Services::average ransomware payment all sectors q4 2025","Average ransomware payment, all sectors, Q4 2025","$591,988","Coveware Quarterly Ransomware Report","https://www.coveware.com/ransomware-quarterly-reports","industry"
"Retail Trade and Consumer Services::consumer services sector victim postings observed on ransomwarelive snapshot","Consumer Services sector victim postings observed on ransomware.live (snapshot)","~120 posted victims in the roughly 2-month window (approx. May 20 - Jul 19, 2026) returned by the API's sectorvictims endpoint; dominant claiming groups in this window: Qilin, TheGentlemen, SafePay, DragonForce, Akira, ShinyHunters, Settra, and Nova","ransomware.live API v2/sectorvictims/Consumer Services (direct pull, not a third-party report)","https://api.ransomware.live/v2/sectorvictims/Consumer%20Services","industry"
"Telecommunications::telecom sector ransomware victims listed all time ransomwarelive","Telecom sector ransomware victims listed (all-time, ransomware.live)","357 victims listed under 'Telecommunication' sector tag as of July 2026; 124 posted in 2025 alone (peak year to date), 62 already in partial-year 2026","ransomware.live API (api.ransomware.live/v2/sectorvictims/Telecommunication)","https://www.ransomware.live/api","industry"
"Telecommunications::top threat actor groups targeting telecom by victim count ransomwarelive dataset","Top threat actor groups targeting telecom (by victim count, ransomware.live dataset)","Qilin (25), Akira (22), LockBit3 (17), Play (12), Clop (12), LockBit2 (10), BianLian (10), DragonForce (9), ALPHV/BlackCat (9), INC Ransom (8)","ransomware.live API (author's own aggregation of the pulled dataset)","https://www.ransomware.live/api","industry"
"Telecommunications::telecom ransomware attack volume growth","Telecom ransomware attack volume growth","Ransomware attacks on telecom companies grew nearly 4x from 24 in 2022 to 90 in 2025; 444 telecom data-theft incidents identified with 133 stolen-database listings; ~70% of 2025 telecom attacks targeted the Americas; Qilin, Akira and Play were the leading groups (corroborates ransomware.live figures above)","Cyble research via Cybersecurity Dive","https://www.cybersecuritydive.com/news/telecom-ransomware-spike-cyble/809224/","industry"
"Telecommunications::ransomware presence in breaches median payout all sectors 2025","Ransomware presence in breaches / median payout (all sectors, 2025)","Ransomware present in 44% of breaches overall; median ransomware payout fell to $115,000 and 64% of victims refused to pay; third-party involvement was a factor in 30% of all breaches (up from ~15% the prior year) - relevant to telecom's heavy vendor/reseller/MVNO dependence; edge/VPN device exploitation as an initial-access vector rose 8x, with only 54% patched (median 32 days to patch)","Verizon 2025 Data Breach Investigations Report (DBIR)","https://www.verizon.com/business/resources/reports/2025-dbir-data-breach-investigations-report.pdf","industry"
"Telecommunications::average median ransom payment all sectors 2025","Average/median ransom payment (all sectors, 2025)","Mean ransom payment fell from $2M (2024) to $1M (2025); by sector, state/local government paid the highest median ($2.5M) and healthcare the lowest ($150K); telecom not broken out separately in public summary","Sophos State of Ransomware 2025","https://www.sophos.com/en-us/blog/the-state-of-ransomware-2025","industry"
"Telecommunications::quarterly average median ransom payments 2025","Quarterly average/median ransom payments, 2025","Q2 2025: avg $1,130,070 / median $400,000. Q3 2025: avg ~$377,000 / median $140,000 (down 66%/65% QoQ). Q4 2025: avg $591,988 / median $325,000 (up 57%/132% QoQ)","Coveware Quarterly Ransomware Reports","https://www.coveware.com/ransomware-quarterly-reports","industry"
"Telecommunications::global data breach cost by industry 2025","Global data breach cost by industry, 2025","Global average cost of a data breach: $4.44M (down 9% YoY). By industry: Healthcare $7.42M (highest, 14th year running), Financial Services $5.56M, Industrial $5M, Energy $4.83M, Technology $4.79M. Telecommunications/Communications was not broken out as a distinct line item in the public summaries reviewed - noted as a data gap","IBM Cost of a Data Breach Report 2025","https://www.ibm.com/reports/data-breach","industry"
"Telecommunications::global on chain ransomware payments 2025","Global on-chain ransomware payments, 2025","Ransomware actors received more than $820M in on-chain payments in 2025, an 8% YoY decline from $892M in 2024; median payment per victim rose 368% (from $12,738 in 2024 to $59,556 in 2025) even as total payments fell, and eCrime.ch-tracked claimed victims rose ~50% YoY to the most active year on record - consistent with 'more attacks, fewer big payouts, higher per-incident asks' dynamic seen in telecom cases like Colt and WOW!","Chainalysis 2025/2026 Crypto Crime Report","https://www.chainalysis.com/blog/crypto-crime-ransomware-victim-extortion-2025/","industry"
"Transportation and Warehousing::transportation sector ransomware attack increase 20242025","Transportation sector ransomware attack increase, 2024→2025","34% year-over-year increase in ransomware attacks against the transportation sector (108 incidents in Q1 2025, up from 69 in Q4 2024, ~15% of total tracked ransomware activity)","Industry ransomware tracking roundups (aggregated in Asimily 'Largest Transportation and Logistics Cyberattacks of 2025' citing IC3/IBM X-Force data)","https://asimily.com/blog/largest-transportation-and-logistics-cyberattacks/","industry"
"Transportation and Warehousing::average ransom demand transportation sector 2025 vs 2024","Average ransom demand, transportation sector, 2025 vs 2024","$2.19 million average demand in 2025 vs. $279,000 in 2024 — a 685% year-over-year increase, one of the sharpest jumps of any industry","Comparitech Worldwide Ransomware Roundup: 2025 End-of-Year Report","https://www.comparitech.com/news/worldwide-ransomware-roundup-2025-end-of-year-report/","industry"
"Transportation and Warehousing::transportation sector attack growth ot iot linked","Transportation sector attack growth (OT/IoT-linked)","382% year-over-year increase in attacks targeting the transportation sector","Zscaler ThreatLabz 2025 Mobile, IoT & OT Threat Report","https://www.zscaler.com/blogs/security-research/industry-attacks-surge-mobile-malware-spreads-threatlabz-2025-mobile-iot-ot","industry"
"Transportation and Warehousing::financial motivation share of transportation sector breaches","Financial motivation share of transportation-sector breaches","99% of breaches in the transportation sector are financially motivated, among the highest of any industry tracked","Verizon 2025 Data Breach Investigations Report (DBIR)","https://www.verizon.com/business/resources/reports/2025-dbir-executive-summary.pdf","industry"
"Transportation and Warehousing::ransomware share of breaches all industries","Ransomware share of breaches (all industries)","Ransomware present in 44% of breaches overall in 2025; median ransom payout fell to $115K; 64% of victims refused to pay","Verizon 2025 Data Breach Investigations Report (DBIR)","https://www.verizon.com/business/resources/reports/2025-dbir-executive-summary.pdf","industry"
"Transportation and Warehousing::average median ransom payment all industries q4 2024","Average / median ransom payment (all industries), Q4 2024","Average payment $553,959 (up 16% QoQ); median payment $110,890 (down 45% QoQ); only 25% of victims paid a ransom in Q4 2024","Coveware Quarterly Ransomware Report, Q4 2024 ('Will Law Enforcement success against ransomware continue in 2025?')","https://www.coveware.com/blog/2025/1/31/q4-report","industry"
"Transportation and Warehousing::ransom payment rate trend into 2025","Ransom payment rate trend into 2025","Payment rate fell to roughly 20% of victims by Q4 2025, continuing the multi-year decline as more organizations refuse to pay","Coveware Quarterly Ransomware Reports (aggregated via secondary reporting)","https://www.coveware.com/ransomware-quarterly-reports","industry"
"Transportation and Warehousing::third party supply chain breach share all industries","Third-party/supply-chain breach share (all industries)","Third-party involvement rose to 30% of all breaches in 2025 (doubling from prior year) — directly relevant to transportation/logistics given reliance on TMS/ELD/freight-forwarding software vendors","Verizon 2025 Data Breach Investigations Report (DBIR)","https://www.verizon.com/business/resources/reports/2025-dbir-executive-summary.pdf","industry"
"Transportation and Warehousing::data encryption rate in successful attacks cross industry useful baseline","Data encryption rate in successful attacks (cross-industry, useful baseline)","Percentage of ransomware attacks resulting in actual data encryption fell from 70% (2024) to 50% (2025), with extortion-only (no encryption) attacks rising to 10% from 3%, reflecting a broader shift toward pure data-theft extortion also seen in logistics incidents (e.g., JAS Worldwide, Estes)","Sophos State of Ransomware 2025","https://www.sophos.com/en-us/blog/the-state-of-ransomware-2025","industry"
"Transportation and Warehousing::global ransomware attack volume 2025 vs 2024","Global ransomware attack volume, 2025 vs 2024","7,419 ransomware attacks recorded globally in 2025, a 32% increase over 5,631 in 2024","Comparitech Worldwide Ransomware Roundup: 2025 End-of-Year Report","https://www.comparitech.com/news/worldwide-ransomware-roundup-2025-end-of-year-report/","industry"
"Transportation and Warehousing::ransomwarelive tracked victim volume transportation logistics sector","Ransomware.live tracked victim volume, Transportation/Logistics sector","500+ individually tracked victim postings across the Transportation/Logistics sector tag on ransomware.live as of July 2026, spanning dozens of ransomware groups (Thegentlemen, Akira, Qilin, Deadlock, Ailock, Arcusmedia, Safepay, Chaos, Cry0, Krybit, and others) and 20+ countries in just the most recent weeks of listings observed","ransomware.live sector activity feed (Transportation/Logistics)","https://www.ransomware.live/activity/Transportation-Logistics","industry"
"GLOBAL::total on chain ransomware payments 2025","Total on-chain ransomware payments, 2025","Approximately $820 million, the lowest full-year total since 2021 and an 8% decline from 2024's revised $892 million. Chainalysis notes the figure may approach or exceed $900 million as further incidents are attributed.","Chainalysis 2026 Crypto Crime Report","https://www.chainalysis.com/blog/crypto-ransomware-2026/","global"
"GLOBAL::median on chain ransom payment 2025","Median on-chain ransom payment, 2025","$59,556, up 368% from $12,738 in 2024","Chainalysis 2026 Crypto Crime Report","https://www.chainalysis.com/blog/crypto-ransomware-2026/","global"
"GLOBAL::share of ransom demands paid 2025","Share of ransom demands paid, 2025","Potentially an all-time low of approximately 28%","Chainalysis 2026 Crypto Crime Report","https://www.chainalysis.com/blog/crypto-ransomware-2026/","global"
"GLOBAL::claimed victims posted to leak sites 2025","Claimed victims posted to leak sites, 2025","7,874 globally, a 50% year-over-year increase and the most active year on record. The United States remains the most heavily targeted country, followed by Canada, Germany and the UK. US targeting of critical infrastructure, supply chain/logistics and government rose 45-56% year over year.","Chainalysis 2026 Crypto Crime Report (citing eCrime.ch data)","https://www.chainalysis.com/blog/crypto-ransomware-2026/","global"
"GLOBAL::median ransom payment 2026","Median ransom payment, 2026","$769,000, down from $1 million the prior year","Sophos State of Ransomware 2026","https://www.sophos.com/en-us/blog/sophos-state-of-ransomware-2026","global"
"GLOBAL::median ransom demand 2026","Median ransom demand, 2026","$698,000, down 65% over two years","Sophos State of Ransomware 2026","https://www.sophos.com/en-us/blog/sophos-state-of-ransomware-2026","global"
"GLOBAL::average recovery cost excluding ransom 2026","Average recovery cost excluding ransom, 2026","$1.7 million per incident, up 11% year over year (2025 figure was $1.53 million, itself down 44% from $2.73 million in 2024)","Sophos State of Ransomware 2026","https://www.sophos.com/en-us/blog/sophos-state-of-ransomware-2026","global"
"GLOBAL::ransom payment rate among encrypted victims 2026","Ransom payment rate among encrypted victims, 2026","48% paid, the second-lowest rate on record after 2023 (46%); four-year average payment rate is 50%. Among those paying, 51% negotiated below the initial demand.","Sophos State of Ransomware 2026","https://www.sophos.com/en-us/blog/sophos-state-of-ransomware-2026","global"
"GLOBAL::attack encryption success rate 2026","Attack encryption success rate, 2026","56% of attacks succeeded in encrypting data, up from 50% the prior year but below the 75% peak in 2023","Sophos State of Ransomware 2026","https://www.sophos.com/en-us/blog/sophos-state-of-ransomware-2026","global"
"GLOBAL::identity based attack origin 2026","Identity-based attack origin, 2026","79% of ransomware attacks started with an identity-based approach. Root causes: malicious email 26%, phishing 24%, compromised credentials 23%, exploited vulnerabilities 18%, brute-force 6%.","Sophos State of Ransomware 2026","https://www.sophos.com/en-us/blog/sophos-state-of-ransomware-2026","global"
"GLOBAL::recovery speed 2025","Recovery speed, 2025","53% of victims recovered within one week, up from 35% in 2024","Sophos State of Ransomware 2025","https://www.sophos.com/en-us/blog/the-state-of-ransomware-2025","global"
"GLOBAL::average and median ransom payment q4 2025","Average and median ransom payment, Q4 2025","Average $591,988; median $325,000. Quarterly averages were volatile across 2025, moving from $1.13 million (Q2) to $376,941 (Q3) to $591,988 (Q4); the mean-median gap reflects a small number of multi-million-dollar settlements.","Coveware Quarterly Report, Q4 2025","https://www.coveware.com/ransomware-quarterly-reports","global"
"GLOBAL::ransom payment rate q4 2025","Ransom payment rate, Q4 2025","Approximately 20%, a historic low (23% in Q3 2025)","Coveware Quarterly Report, Q4 2025","https://www.coveware.com/ransomware-quarterly-reports","global"
"GLOBAL::ransomware share of all data breaches 2025","Ransomware share of all data breaches, 2025","Present in 44% of breaches, up from 32% the prior year","Verizon 2025 Data Breach Investigations Report","https://www.verizon.com/business/resources/reports/2025-dbir-data-breach-investigations-report.pdf","global"
"GLOBAL::median ransom paid and non payment rate 2025","Median ransom paid and non-payment rate, 2025","Median payment $115,000, down from $150,000; 64% of victim organizations did not pay, up from 50% two years earlier","Verizon 2025 Data Breach Investigations Report","https://www.verizon.com/business/resources/reports/2025-dbir-data-breach-investigations-report.pdf","global"
"GLOBAL::smb versus large organization ransomware exposure 2025","SMB versus large-organization ransomware exposure, 2025","Ransomware was a component of 88% of SMB breaches versus 39% of breaches at large organizations","Verizon 2025 Data Breach Investigations Report","https://www.verizon.com/business/resources/reports/2025-dbir-data-breach-investigations-report.pdf","global"
"GLOBAL::average cost of an extortion or ransomware incident 2025","Average cost of an extortion or ransomware incident, 2025","$5.08 million, against a global all-cause data breach average of $4.44 million (down 9% from $4.88 million in 2024). US average breach cost rose 9% to an all-time high of $10.22 million.","IBM Cost of a Data Breach Report 2025","https://www.ibm.com/reports/data-breach","global"
"GLOBAL::breach identification and containment time 2025","Breach identification and containment time, 2025","241 days on average to identify and contain a breach, a nine-year low. 63% of organizations refused to pay ransom demands, up from 59%.","IBM Cost of a Data Breach Report 2025","https://www.ibm.com/reports/data-breach","global"